{"XKRzuTE+EBMNxdxtj48KFg==":"mediumsquarelogo.jpg","wSCG8yVAt+scGLg+J5b0Iw==":"og-image.jpg","ZN6EwQ6z5pjF/XP+GZiPkQ==":"rsi-enqute-indpendant.jpg","Cz/+9IuSnaREkk6Do4ZSAQ==":"sport-image.jpg","5qmlzoOtdkvx3ekfDlQk9g==":"business-image.png","mteiXIeSA6cfqf8STLOz0w==":"administration.jpg","mHORW0ykdG8H6CquiAAlBA==":"background4.jpg","4kM7+Y5LRlhXGurrjz+Q4w==":"logo-societe.png","oRykAiO0rUD++7AmPeEwUg==":"background1.jpg","GZgD7ZNRNSexD5+7ios8uA==":"mbr.jpg","XD3dTxJVD4/+WEfYuTLKqg==":"popup.jpg"}